{
  "sdk": "strands-jsii",
  "prompt": "say hello 50 times.",
  "python_version": "3.13.12 (main, Feb  3 2026, 17:53:27) [Clang 17.0.0 (clang-1700.6.3.2)]",
  "timestamp": "2026-03-04T06:18:44",
  "import_time_s": 0.5773861669877078,
  "construct_time_s": 0.0038863329973537475,
  "invoke_time_s": 17.480116207996616,
  "python_memory_peak_mb": 0.19132614135742188,
  "python_memory_current_mb": 0.1046915054321289,
  "python_max_rss_mb": 36.703125,
  "python_user_cpu_s": 0.060253,
  "python_system_cpu_s": 0.0022820000000000062,
  "children_user_cpu_s": 0.0,
  "children_system_cpu_s": 0.0,
  "children_max_rss_mb": 2.359375,
  "nodejs_processes": [
    {
      "pid": 15415,
      "rss_mb": 40.71875,
      "vsz_mb": 401959.84375,
      "command": "node --max-old-space-size=4069 /var/folders/nt/_7cw350j3732__h0xtsnjmtm0000gq/T/tmp6ba6ftls/bin/jsii-runtime.js"
    },
    {
      "pid": 15416,
      "rss_mb": 81.46875,
      "vsz_mb": 402502.109375,
      "command": "/Users/cagatay/.nvm/versions/node/v18.20.5/bin/node --max-old-space-size=4069 --preserve-symlinks /private/var/folders/nt/_7cw350j3732__h0xtsnjmtm0000gq/T/tmp6ba6ftls/lib/program.js"
    }
  ],
  "nodejs_total_rss_mb": 122.1875,
  "nodejs_rss_delta_mb": 27.578125,
  "combined_rss_mb": 158.890625,
  "combined_cpu_user_s": 0.060253,
  "combined_cpu_system_s": 0.0022820000000000062,
  "memory_peak_mb": 0.19132614135742188,
  "max_rss_mb": 36.703125,
  "user_cpu_time_s": 0.060253,
  "system_cpu_time_s": 0.0022820000000000062,
  "result_length": 50
}