{
  "sdk": "strands-agents",
  "prompt": "say hello 50 times.",
  "python_version": "3.13.12 (main, Feb  3 2026, 17:53:27) [Clang 17.0.0 (clang-1700.6.3.2)]",
  "timestamp": "2026-03-04T06:18:22",
  "import_time_s": 0.5879186249803752,
  "construct_time_s": 0.09854791598627344,
  "invoke_time_s": 15.214879624982132,
  "python_memory_peak_mb": 1.2295818328857422,
  "python_memory_current_mb": 0.8951692581176758,
  "python_max_rss_mb": 78.1875,
  "python_user_cpu_s": 0.592972,
  "python_system_cpu_s": 0.05934299999999998,
  "children_user_cpu_s": 0.0,
  "children_system_cpu_s": 0.0,
  "children_max_rss_mb": 0.0,
  "combined_rss_mb": 78.1875,
  "combined_cpu_user_s": 0.592972,
  "combined_cpu_system_s": 0.05934299999999998,
  "nodejs_total_rss_mb": 0,
  "nodejs_processes": [],
  "memory_peak_mb": 1.2295818328857422,
  "max_rss_mb": 78.1875,
  "user_cpu_time_s": 0.592972,
  "system_cpu_time_s": 0.05934299999999998,
  "result_length": 176
}